Vendor A,Vendor B,Overlap Level,Overlap Reason,Recommendation
Okta,Microsoft Entra ID,Direct Competitor,direct competitor for Azure shops,CHOOSE ONE — evaluate head-to-head based on client's stack and size
Okta,Astrix Security,Partial Overlap,NHI overlap,EVALUATE — may justify both if scopes are distinct enough; quantify overlap %
Aembit,Astrix Security,Partial Overlap,NHI discovery overlap,EVALUATE — may justify both if scopes are distinct enough; quantify overlap %
Aembit,Token Security,Partial Overlap,machine credential overlap,EVALUATE — may justify both if scopes are distinct enough; quantify overlap %
KeyCard,Aembit,Partial Overlap,API key management overlap at mid-market,EVALUATE — may justify both if scopes are distinct enough; quantify overlap %
Microsoft Entra ID,Astrix Security,Partial Overlap,NHI features overlap,EVALUATE — may justify both if scopes are distinct enough; quantify overlap %
Astrix Security,Token Security,Partial Overlap,credential discovery overlap,EVALUATE — may justify both if scopes are distinct enough; quantify overlap %
Harmonic Security,Nightfall AI,Partial Overlap,DLP overlap for GenAI,EVALUATE — may justify both if scopes are distinct enough; quantify overlap %
Harmonic Security,Lakera,Partial Overlap,prompt-level overlap,EVALUATE — may justify both if scopes are distinct enough; quantify overlap %
Harmonic Security,Microsoft Purview,Partial Overlap,enterprise DLP overlap,EVALUATE — may justify both if scopes are distinct enough; quantify overlap %
Prompt Security,Lakera,Direct Competitor,direct competitor — prompt injection,CHOOSE ONE — evaluate head-to-head based on client's stack and size
Prompt Security,AWS Bedrock Guardrails,Partial Overlap,native prompt filtering overlap,EVALUATE — may justify both if scopes are distinct enough; quantify overlap %
Lasso Security,Harmonic Security,Partial Overlap,shadow AI detection overlap,EVALUATE — may justify both if scopes are distinct enough; quantify overlap %
Lasso Security,Microsoft Purview,Partial Overlap,audit trail overlap,EVALUATE — may justify both if scopes are distinct enough; quantify overlap %
Lakera,AWS Bedrock Guardrails,Partial Overlap,native overlap,EVALUATE — may justify both if scopes are distinct enough; quantify overlap %
Microsoft Purview,Nightfall AI,Partial Overlap,DLP overlap,EVALUATE — may justify both if scopes are distinct enough; quantify overlap %
CrowdStrike,Wiz,Partial Overlap,CSPM/AI-SPM overlap,EVALUATE — may justify both if scopes are distinct enough; quantify overlap %
CrowdStrike,Microsoft Defender for AI,Partial Overlap,Azure runtime overlap,EVALUATE — may justify both if scopes are distinct enough; quantify overlap %
CrowdStrike,HiddenLayer,Partial Overlap,adversarial detection overlap,EVALUATE — may justify both if scopes are distinct enough; quantify overlap %
Protect AI,HiddenLayer,Partial Overlap,model security overlap,EVALUATE — may justify both if scopes are distinct enough; quantify overlap %
Protect AI,Wiz,Partial Overlap,AI pipeline discovery overlap,EVALUATE — may justify both if scopes are distinct enough; quantify overlap %
Wiz,Microsoft Defender for AI,Partial Overlap,Azure AI posture overlap,EVALUATE — may justify both if scopes are distinct enough; quantify overlap %
Microsoft Defender for AI,Prompt Security,Partial Overlap,prompt injection overlap,EVALUATE — may justify both if scopes are distinct enough; quantify overlap %
Credo AI,Holistic AI,Partial Overlap,AI audit overlap,EVALUATE — may justify both if scopes are distinct enough; quantify overlap %
Credo AI,Robust Intelligence,Partial Overlap,governance overlap,EVALUATE — may justify both if scopes are distinct enough; quantify overlap %
Credo AI,IBM watsonx.governance,Partial Overlap,enterprise GRC overlap,EVALUATE — may justify both if scopes are distinct enough; quantify overlap %
Robust Intelligence (Cisco),Credo AI,Partial Overlap,governance overlap,EVALUATE — may justify both if scopes are distinct enough; quantify overlap %
Robust Intelligence (Cisco),CalypsoAI,Partial Overlap,policy gateway overlap,EVALUATE — may justify both if scopes are distinct enough; quantify overlap %
Robust Intelligence (Cisco),HiddenLayer,Partial Overlap,validation overlap,EVALUATE — may justify both if scopes are distinct enough; quantify overlap %
CalypsoAI,Robust Intelligence,Partial Overlap,policy/gateway overlap,EVALUATE — may justify both if scopes are distinct enough; quantify overlap %
CalypsoAI,Credo AI,Partial Overlap,governance overlap,EVALUATE — may justify both if scopes are distinct enough; quantify overlap %
CalypsoAI,Microsoft Purview,Partial Overlap,DLP gateway overlap,EVALUATE — may justify both if scopes are distinct enough; quantify overlap %
Holistic AI,IBM watsonx.governance,Partial Overlap,audit overlap,EVALUATE — may justify both if scopes are distinct enough; quantify overlap %
IBM watsonx.governance,Robust Intelligence,Partial Overlap,enterprise GRC overlap,EVALUATE — may justify both if scopes are distinct enough; quantify overlap %
Arize AI,Galileo AI,Direct Competitor,direct competitor — LLM eval,CHOOSE ONE — evaluate head-to-head based on client's stack and size
Arize AI,WhyLabs,Partial Overlap,observability overlap,EVALUATE — may justify both if scopes are distinct enough; quantify overlap %
Arize AI,Datadog,Partial Overlap,APM-native overlap,EVALUATE — may justify both if scopes are distinct enough; quantify overlap %
Galileo AI,WhyLabs,Partial Overlap,LLM monitoring overlap,EVALUATE — may justify both if scopes are distinct enough; quantify overlap %
Galileo AI,Datadog,Partial Overlap,observability overlap,EVALUATE — may justify both if scopes are distinct enough; quantify overlap %
WhyLabs,Datadog,Partial Overlap,monitoring overlap,EVALUATE — may justify both if scopes are distinct enough; quantify overlap %
WhyLabs,Nightfall AI,Partial Overlap,PII detection overlap,EVALUATE — may justify both if scopes are distinct enough; quantify overlap %
Datadog LLM Observability,Arize AI,Direct Competitor,direct competitor for non-DD shops,CHOOSE ONE — evaluate head-to-head based on client's stack and size
Datadog LLM Observability,WhyLabs,Partial Overlap,monitoring overlap,EVALUATE — may justify both if scopes are distinct enough; quantify overlap %
Datadog LLM Observability,Galileo AI,Partial Overlap,eval overlap,EVALUATE — may justify both if scopes are distinct enough; quantify overlap %
Netskope,Palo Alto Networks,Inline SASE & DLP,High,Direct conflict at the network edge. Running both Netskope and Prisma Access for AI prompt inspection will cause massive routing hairpins and duplicate decryption latency. Standardize on one SSE.
Cyera,Wiz,Data Security Posture (DSPM),Medium,Wiz includes basic cloud data scanning, but Cyera provides much deeper AI-specific data classification. Cyera should feed context into Wiz rather than operating in an isolated silo.